,0
Electronics,526
Computers&Accessories,453
Home&Kitchen,448
Accessories&Peripherals,381
Kitchen&HomeAppliances,308
Cables,267
Cables&Accessories,240
USBCables,233
SmallKitchenAppliances,181
"HomeTheater,TV&Video",162
Mobiles&Accessories,161
"Heating,Cooling&AirQuality",116
Accessories,111
MobileAccessories,84
"Vacuum,Cleaning&Ironing",82
Smartphones&BasicMobiles,77
SmartWatches,76
WearableTechnology,76
Televisions,69
Smartphones,68
"Headphones,Earbuds&Accessories",66
SmartTelevisions,63
Headphones,62
"Keyboards,Mice&InputDevices",60
"Irons,Steamers&Accessories",58
In-Ear,52
RemoteControls,49
RoomHeaters,46
WaterHeaters&Geysers,44
Irons,36
NetworkingDevices,34
LaptopAccessories,34
Chargers,33
Kettles&HotWaterDispensers,32
OfficeProducts,31
Paper,27
MixerGrinders,27
OfficePaperProducts,27
WaterPurifiers&Accessories,26
Stationery,26
Mice,24
DryIrons,24
HDMICables,24
InstantWaterHeaters,23
LintShavers,22
Vacuums&FloorCare,21
Vacuums,20
NetworkAdapters,20
FanHeaters,20
ElectricHeaters,20
ElectricKettles,19
HandBlenders,19
ExternalDevices&DataStorage,18
WirelessUSBAdapters,18
Fans,17
HomeStorage&Organization,16
LaundryOrganization,16
HomeAudio,16
WallChargers,16
Cameras&Photography,16
PCGamingPeripherals,15
"Coffee,Tea&Espresso",15
MemoryCards,14
Lapdesks,14
GeneralPurposeBatteries&BatteryChargers,14
"Notebooks,WritingPads&Diaries",14
Kettle&ToasterSets,13
MicroSD,13
Speakers,13
LaundryBaskets,13
PowerBanks,12
SteamIrons,12
WaterFilters&Purifiers,12
Pens&Refills,12
JuicerMixerGrinders,12
StorageWaterHeaters,12
DigitalKitchenScales,12
"Pens,Pencils&WritingSupplies",12
ScreenProtectors,12
WaterPurifierAccessories,11
GraphicTablets,11
EggBoilers,11
"Printers,Inks&Accessories",11
CeilingFans,11
Stands,11
SandwichMakers,11
Keyboard&MouseSets,10
PenDrives,10
InductionCooktop,10
Keyboard&MiceAccessories,10
Routers,9
ImmersionRods,9
BasicMobiles,9
HandheldVacuums,8
TabletAccessories,8
StylusPens,8
MiniFoodProcessors&Choppers,8
On-Ear,8
MousePads,8
"Maintenance,Upkeep&Repairs",7
CraftMaterials,7
VacuumSealers,7
Audio&VideoAccessories,7
DisposableBatteries,7
Photo&VideoAccessories,7
CompositionNotebooks,7
Bags&Sleeves,6
TVWall&CeilingMounts,6
BluetoothSpeakers,6
LaptopSleeves&Slipcases,6
"Inks,Toners&Cartridges",6
GamingMice,6
DÃ©cor,6
ExternalHardDisks,6
Wet-DryVacuums,6
"TVMounts,Stands&Turntables",6
StandardTelevisions,6
Lamps,5
Rice&PastaCookers,5
LaptopChargers&PowerSupplies,5
Keyboards,5
Printers,5
Mounts,5
SecurityCameras,5
Tripods&Monopods,5
DripCoffeeMachines,5
SelfieSticks,5
AirFryers,5
USBGadgets,5
DomeCameras,5
USBHubs,5
Components,5
Adapters,5
DeepFatFryers,5
AutomobileChargers,5
OfficeElectronics,4
CanisterVacuums,4
PaintingMaterials,4
AirPurifiers,4
SewingMachines&Accessories,4
Calculators,4
Cases&Covers,4
Sewing&EmbroideryMachines,4
InkjetInkCartridges,4
BasicCases,4
HEPAAirPurifiers,4
OutdoorSpeakers,4
WireboundNotebooks,4
OpticalCables,3
MeasuringSpoons,3
Cases,3
MilkFrothers,3
WaterCartridges,3
Paints,3
Repeaters&Extenders,3
CameraPrivacyCovers,3
NotebookComputerStands,3
CoffeeMakerAccessories,3
Cradles,3
"PressureWashers,Steam&WindowCleaners",3
RechargeableBatteries,3
Gamepads,3
Humidifiers,3
Headsets,3
AutomobileAccessories,3
HardDiskBags,3
Pop-upToasters,3
HandMixers,3
InternalSolidStateDrives,3
Juicers,3
GamingKeyboards,3
WaffleMakers&Irons,3
SatelliteEquipment,3
SatelliteReceivers,3
ExhaustFans,3
Projectors,3
StickBallpointPens,3
CableConnectionProtectors,3
PCMicrophones,2
"Bags,Cases&Sleeves",2
Cables&Adapters,2
PCSpeakers,2
BottledInk,2
OvenToasterGrills,2
Over-Ear,2
Webcams&VoIPEquipment,2
Webcams,2
Bedstand&DeskMounts,2
RCACables,2
WetGrinders,2
MusicalInstruments,2
OTGAdapters,2
Notepads&MemoBooks,2
HeatConvectors,2
TableFans,2
InkjetPrinters,2
Tabletop&TravelTripods,2
IroningAccessories,2
HalogenHeaters,2
GelInkRollerballPens,2
Scientific,2
TripodLegs,2
EthernetCables,2
Electrical,2
DustCovers,2
DrawingMedia,2
DrawingMaterials,2
LiquidInkRollerballPens,2
DigitalScales,2
SmallApplianceParts&Accessories,2
USBtoUSBAdapters,2
Mills&Grinders,2
RoboticVacuums,2
CoolingPads,2
Monitors,2
Condenser,2
SprayBottles,2
HomeImprovement,2
RetractableBallpointPens,2
Microphones,2
Shower&WallMounts,1
WoodenPencils,1
SurgeProtectors,1
WeighingScales,1
Tripods,1
StreamingClients,1
StovetopEspressoPots,1
Tablets,1
Tape,1
TonerCartridges,1
TowerSpeakers,1
Toys&Games,1
TraditionalLaptops,1
StandMixers,1
SoundbarSpeakers,1
StandMixerAccessories,1
UninterruptedPowerSupplies,1
VacuumAccessories,1
VacuumBags,1
VideoCameras,1
Split-SystemAirConditioners,1
SpeakerCables,1
SpeakerAccessories,1
3DGlasses,1
Laptops,1
SelfieLights,1
SecureDigitalCards,1
ColouredPaper,1
ColouringPens&Markers,1
CompleteTripodUnits,1
Copy&PrintingPaper,1
CordManagement,1
DVICables,1
DataCards&Dongles,1
DigitalBathroomScales,1
Drawing&PaintingSupplies,1
Earpads,1
ElectricGrinders,1
EspressoMachines,1
ExternalMemoryCardReaders,1
ExternalSolidStateDrives,1
FanParts&Accessories,1
ColdPressJuicers,1
CoffeePresses,1
CoffeeGrinders,1
Batteries&Chargers,1
Adapters&Multi-Outlets,1
AirConditioners,1
AirPurifiers&Ionizers,1
Arts&Crafts,1
BackgroundSupports,1
Basic,1
BatteryChargers,1
CleaningKits,1
BluetoothAdapters,1
Caddies,1
Car&Motorbike,1
CarAccessories,1
Choppers,1
Cleaners,1
Film,1
Financial&Business,1
Flashes,1
PhoneCharms,1
MultimediaSpeakerSystems,1
PCHeadsets,1
Parts&Accessories,1
PedestalFans,1
Pencils,1
Pens,1
PhotoBackgroundAccessories,1
MediaStreamingDevices,1
PhotoStudio&Lighting,1
PowerAccessories,1
PowerLANAdapters,1
RotiMakers,1
SATACables,1
Scrapbooking,1
Memory,1
ManualChoppers&Chippers,1
Flashes&SelfieLights,1
HomeMedicalSupplies&Equipment,1
FountainPens,1
HandheldBags,1
HandlebarMounts,1
HardDriveAccessories,1
Health&PersonalCare,1
HealthMonitors,1
InkjetInkRefills&Kits,1
Macro&RinglightFlashes,1
InteriorAccessories,1
InternalHardDrives,1
Kitchen&Dining,1
KitchenTools,1
AVReceivers&Amplifiers,1
LaundryBags,1
YogurtMakers,1
